costs,easy_fraction,signal,design,threshold,saving,accuracy,big_model_accuracy,accuracy_delta,share_answered_per_stage
1:8:70,0.0,good,three stages,0.93,0.0525,0.8327,0.8378,-0.0051,0.03 / 0.15 / 0.82
1:8:70,0.0,good,two stages,0.9,0.0401,0.835,0.8378,-0.0028,0.05 / 0.95
1:8:70,0.0,weak,three stages,0.9,-0.0627,0.8367,0.8401,-0.0033,0.00 / 0.07 / 0.93
1:8:70,0.0,weak,two stages,0.8,0.0105,0.8366,0.8401,-0.0035,0.02 / 0.98
1:8:70,0.5,good,three stages,0.93,0.5234,0.9164,0.92,-0.0036,0.52 / 0.07 / 0.41
1:8:70,0.5,good,two stages,0.85,0.5387,0.9155,0.92,-0.0046,0.55 / 0.45
1:8:70,0.5,weak,three stages,0.97,0.3836,0.9143,0.9187,-0.0044,0.29 / 0.19 / 0.52
1:8:70,0.5,weak,two stages,0.95,0.3425,0.9138,0.9187,-0.0049,0.36 / 0.64
1:8:70,0.7,good,three stages,0.9,0.7295,0.9462,0.9507,-0.0045,0.72 / 0.06 / 0.22
1:8:70,0.7,good,two stages,0.85,0.7198,0.9468,0.9507,-0.004,0.73 / 0.27
1:8:70,0.7,weak,three stages,0.98,0.5981,0.9471,0.9515,-0.0044,0.45 / 0.23 / 0.32
1:8:70,0.7,weak,two stages,0.97,0.4775,0.9477,0.9515,-0.0037,0.49 / 0.51
1:8:70,0.9,good,three stages,0.8,0.9214,0.979,0.9838,-0.0048,0.92 / 0.03 / 0.05
1:8:70,0.9,good,two stages,0.8,0.9007,0.9813,0.9838,-0.0025,0.92 / 0.08
1:8:70,0.9,weak,three stages,0.98,0.8522,0.9801,0.9838,-0.0037,0.71 / 0.18 / 0.10
1:8:70,0.9,weak,two stages,0.97,0.7655,0.98,0.9838,-0.0038,0.78 / 0.22
1:5:25,0.0,good,three stages,0.95,-0.09,0.8344,0.8379,-0.0036,0.03 / 0.11 / 0.86
1:5:25,0.0,good,two stages,0.9,0.0202,0.8345,0.8379,-0.0035,0.06 / 0.94
1:5:25,0.0,weak,three stages,0.9,-0.1794,0.8349,0.8376,-0.0027,0.00 / 0.06 / 0.94
1:5:25,0.0,weak,two stages,0.8,-0.02,0.8349,0.8376,-0.0027,0.02 / 0.98
1:5:25,0.5,good,three stages,0.93,0.4644,0.9154,0.9196,-0.0042,0.52 / 0.08 / 0.40
1:5:25,0.5,good,two stages,0.85,0.5062,0.9155,0.9196,-0.0041,0.55 / 0.45
1:5:25,0.5,weak,three stages,0.97,0.2996,0.9146,0.9195,-0.0049,0.29 / 0.19 / 0.52
1:5:25,0.5,weak,two stages,0.95,0.3097,0.9146,0.9195,-0.0049,0.35 / 0.65
1:5:25,0.7,good,three stages,0.9,0.6813,0.9467,0.9515,-0.0048,0.72 / 0.06 / 0.22
1:5:25,0.7,good,two stages,0.85,0.6954,0.9475,0.9515,-0.004,0.74 / 0.26
1:5:25,0.7,weak,three stages,0.98,0.5036,0.948,0.9517,-0.0037,0.42 / 0.24 / 0.34
1:5:25,0.7,weak,two stages,0.97,0.4592,0.9479,0.9517,-0.0037,0.50 / 0.50
1:5:25,0.9,good,three stages,0.85,0.8783,0.9805,0.9839,-0.0034,0.91 / 0.03 / 0.06
1:5:25,0.9,good,two stages,0.8,0.8755,0.9813,0.9839,-0.0027,0.92 / 0.08
1:5:25,0.9,weak,three stages,0.98,0.8025,0.9803,0.9842,-0.0039,0.72 / 0.18 / 0.10
1:5:25,0.9,weak,two stages,0.97,0.7433,0.98,0.9842,-0.0042,0.78 / 0.22
