candidates,noise_sd,growth,coefficients,p_best
100,1.0,0.62,5.9 / 3.7 / 2.3,0.8738
100,1.0,1.0,3.7 / 3.7 / 3.7,0.877
100,1.0,1.25,2.9 / 3.7 / 4.6,0.8828
100,1.0,1.62,2.3 / 3.7 / 6.0,0.886
100,1.0,2.0,1.8 / 3.7 / 7.4,0.8825
100,1.0,2.5,1.5 / 3.7 / 9.2,0.8687
100,3.0,0.62,5.9 / 3.7 / 2.3,0.5477
100,3.0,1.0,3.7 / 3.7 / 3.7,0.6032
100,3.0,1.25,2.9 / 3.7 / 4.6,0.6025
100,3.0,1.62,2.3 / 3.7 / 6.0,0.6063
100,3.0,2.0,1.8 / 3.7 / 7.4,0.5982
100,3.0,2.5,1.5 / 3.7 / 9.2,0.593
1000,1.0,0.62,12.8 / 7.9 / 4.9,0.9487
1000,1.0,1.0,7.9 / 7.9 / 7.9,0.95
1000,1.0,1.25,6.3 / 7.9 / 9.9,0.9483
1000,1.0,1.62,4.9 / 7.9 / 12.9,0.9508
1000,1.0,2.0,4.0 / 7.9 / 15.9,0.949
1000,1.0,2.5,3.2 / 7.9 / 19.8,0.9442
1000,3.0,0.62,12.8 / 7.9 / 4.9,0.6023
1000,3.0,1.0,7.9 / 7.9 / 7.9,0.6757
1000,3.0,1.25,6.3 / 7.9 / 9.9,0.7078
1000,3.0,1.62,4.9 / 7.9 / 12.9,0.7357
1000,3.0,2.0,4.0 / 7.9 / 15.9,0.7375
1000,3.0,2.5,3.2 / 7.9 / 19.8,0.7248
