candidates,noise_sd,stages,p_best
100,1.0,0,0.6932
100,1.0,1,0.7522
100,1.0,2,0.8832
100,1.0,3,0.8858
100,1.0,4,0.8717
100,1.0,5,0.8558
100,1.0,6,0.8507
100,1.0,8,0.8027
100,3.0,0,0.3295
100,3.0,1,0.3247
100,3.0,2,0.5613
100,3.0,3,0.592
100,3.0,4,0.5835
100,3.0,5,0.572
100,3.0,6,0.5835
100,3.0,8,0.4975
1000,1.0,0,0.6143
1000,1.0,1,0.6692
1000,1.0,2,0.9513
1000,1.0,3,0.947
1000,1.0,4,0.9415
1000,1.0,5,0.9387
1000,1.0,6,0.9403
1000,1.0,8,0.9287
1000,3.0,0,0.2088
1000,3.0,1,0.1928
1000,3.0,2,0.5568
1000,3.0,3,0.6835
1000,3.0,4,0.7007
1000,3.0,5,0.6895
1000,3.0,6,0.7165
1000,3.0,8,0.6623
