cheap_reliability,first_coefficient,share_kept,p_best
0.4,1.5,0.6667,0.3855
0.4,2,0.5,0.4577
0.4,3,0.3333,0.4645
0.4,5,0.2,0.4392
0.4,8,0.125,0.396
0.4,12,0.0833,0.353
0.4,20,0.05,0.2717
0.4,40,0.025,0.1883
0.6,1.5,0.6667,0.47
0.6,2,0.5,0.5675
0.6,3,0.3333,0.589
0.6,5,0.2,0.5992
0.6,8,0.125,0.5827
0.6,12,0.0833,0.552
0.6,20,0.05,0.4888
0.6,40,0.025,0.3782
0.8,1.5,0.6667,0.552
0.8,2,0.5,0.6185
0.8,3,0.3333,0.691
0.8,5,0.2,0.6895
0.8,8,0.125,0.741
0.8,12,0.0833,0.741
0.8,20,0.05,0.708
0.8,40,0.025,0.6278
0.95,1.5,0.6667,0.5945
0.95,2,0.5,0.673
0.95,3,0.3333,0.7167
0.95,5,0.2,0.7117
0.95,8,0.125,0.77
0.95,12,0.0833,0.8
0.95,20,0.05,0.785
0.95,40,0.025,0.8033
