costs,signal,easy_fraction,saving_three_stages,saving_two_stages,difference
1 : 1.7 : 3,good,0.5,-0.0083,0.2168,-0.2251
1 : 1.7 : 3,good,0.7,0.2886,0.4002,-0.1116
1 : 1.7 : 3,good,0.9,0.564,0.5814,-0.0174
1 : 1.7 : 3,weak,0.5,-0.25,-0.0436,-0.2064
1 : 1.7 : 3,weak,0.7,0.0068,0.1661,-0.1593
1 : 1.7 : 3,weak,0.9,0.4165,0.4506,-0.0341
1 : 3 : 9,good,0.5,0.3213,0.4184,-0.0971
1 : 3 : 9,good,0.7,0.5663,0.6226,-0.0563
1 : 3 : 9,good,0.9,0.8066,0.8044,0.0022
1 : 3 : 9,weak,0.5,0.1316,0.2339,-0.1023
1 : 3 : 9,weak,0.7,0.3751,0.3788,-0.0037
1 : 3 : 9,weak,0.9,0.6975,0.665,0.0325
1 : 5 : 25,good,0.5,0.4546,0.5106,-0.056
1 : 5 : 25,good,0.7,0.679,0.693,-0.0141
1 : 5 : 25,good,0.9,0.8892,0.8756,0.0136
1 : 5 : 25,weak,0.5,0.3027,0.2994,0.0032
1 : 5 : 25,weak,0.7,0.5454,0.4233,0.1221
1 : 5 : 25,weak,0.9,0.8029,0.7356,0.0673
1 : 8 : 70,good,0.5,0.5238,0.5182,0.0056
1 : 8 : 70,good,0.7,0.7307,0.72,0.0107
1 : 8 : 70,good,0.9,0.9222,0.9015,0.0208
1 : 8 : 70,weak,0.5,0.3901,0.34,0.0501
1 : 8 : 70,weak,0.7,0.5955,0.4751,0.1204
1 : 8 : 70,weak,0.9,0.8551,0.7664,0.0887
