signal,rule_coverage,ratio_between_neighbours,easy_fraction,saving_two_models,saving_rules_two_models,gain_rule_stage,gain_middle_model
good,0.1,2,0.5,0.2812,0.3041,0.0229,-0.181
good,0.3,2,0.5,0.2812,0.3551,0.0739,-0.181
good,0.1,2,0.7,0.4835,0.5063,0.0228,-0.0943
good,0.3,2,0.7,0.4835,0.5566,0.0731,-0.0943
good,0.1,2,0.9,0.6645,0.6871,0.0226,-0.0117
good,0.3,2,0.9,0.6645,0.7372,0.0726,-0.0117
good,0.1,3,0.5,0.4381,0.4333,-0.0047,-0.1134
good,0.3,3,0.5,0.4381,0.4561,0.018,-0.1134
good,0.1,3,0.7,0.6208,0.631,0.0102,-0.0451
good,0.3,3,0.7,0.6208,0.6534,0.0326,-0.0451
good,0.1,3,0.9,0.8087,0.8187,0.01,-0.0114
good,0.3,3,0.9,0.8087,0.841,0.0322,-0.0114
good,0.1,4,0.5,0.4727,0.4788,0.0061,-0.0583
good,0.3,4,0.5,0.4727,0.4922,0.0195,-0.0583
good,0.1,4,0.7,0.6727,0.6784,0.0057,-0.0279
good,0.3,4,0.7,0.6727,0.6768,0.0041,-0.0279
good,0.1,4,0.9,0.8516,0.8573,0.0057,0.0097
good,0.3,4,0.9,0.8516,0.8699,0.0182,0.0097
good,0.1,5,0.5,0.5107,0.5144,0.0038,-0.0514
good,0.3,5,0.5,0.5107,0.5041,-0.0065,-0.0514
good,0.1,5,0.7,0.6941,0.6979,0.0037,-0.0133
good,0.3,5,0.7,0.6941,0.6926,-0.0015,-0.0133
good,0.1,5,0.9,0.8751,0.8788,0.0036,0.003
good,0.3,5,0.9,0.8751,0.8868,0.0117,0.003
good,0.1,6,0.5,0.5073,0.5101,0.0028,-0.0215
good,0.3,6,0.5,0.5073,0.5164,0.0091,-0.0215
good,0.1,6,0.7,0.7074,0.71,0.0026,0.0014
good,0.3,6,0.7,0.7074,0.7158,0.0084,0.0014
good,0.1,6,0.9,0.8872,0.8898,0.0026,0.0164
good,0.3,6,0.9,0.8872,0.8954,0.0082,0.0164
good,0.1,8,0.5,0.5202,0.522,0.0018,-0.0019
good,0.3,8,0.5,0.5202,0.526,0.0058,-0.0019
good,0.1,8,0.7,0.7232,0.7149,-0.0083,-0.0014
good,0.3,8,0.7,0.7232,0.7183,-0.0049,-0.0014
good,0.1,8,0.9,0.8988,0.9002,0.0014,0.0208
good,0.3,8,0.9,0.8988,0.9034,0.0046,0.0208
good,0.1,10,0.5,0.5407,0.5173,-0.0234,-0.0049
good,0.3,10,0.5,0.5407,0.5207,-0.02,-0.0049
good,0.1,10,0.7,0.7314,0.7277,-0.0037,0.0008
good,0.3,10,0.7,0.7314,0.7157,-0.0157,0.0008
good,0.1,10,0.9,0.9091,0.9101,0.0009,0.0078
good,0.3,10,0.9,0.9091,0.9121,0.0029,0.0078
medium,0.1,2,0.5,0.2347,0.2454,0.0107,-0.2388
medium,0.3,2,0.5,0.2347,0.323,0.0883,-0.2388
medium,0.1,2,0.7,0.4242,0.4544,0.0302,-0.1295
medium,0.3,2,0.7,0.4242,0.509,0.0849,-0.1295
medium,0.1,2,0.9,0.644,0.669,0.025,-0.0181
medium,0.3,2,0.9,0.644,0.7239,0.0799,-0.0181
medium,0.1,3,0.5,0.3643,0.3855,0.0211,-0.1388
medium,0.3,3,0.5,0.3643,0.4213,0.057,-0.1388
medium,0.1,3,0.7,0.5695,0.5867,0.0172,-0.0681
medium,0.3,3,0.7,0.5695,0.6122,0.0428,-0.0681
medium,0.1,3,0.9,0.7886,0.8007,0.0121,-0.0069
medium,0.3,3,0.9,0.7886,0.8159,0.0274,-0.0069
medium,0.1,4,0.5,0.4237,0.4172,-0.0066,-0.0893
medium,0.3,4,0.5,0.4237,0.4568,0.0331,-0.0893
medium,0.1,4,0.7,0.6234,0.6135,-0.01,-0.0411
medium,0.3,4,0.7,0.6234,0.6443,0.0208,-0.0411
medium,0.1,4,0.9,0.8371,0.8447,0.0077,0.004
medium,0.3,4,0.9,0.8371,0.8464,0.0094,0.004
medium,0.1,5,0.5,0.4444,0.4364,-0.008,-0.0582
medium,0.3,5,0.5,0.4444,0.4713,0.0268,-0.0582
medium,0.1,5,0.7,0.6382,0.6312,-0.0071,-0.0157
medium,0.3,5,0.7,0.6382,0.6572,0.019,-0.0157
medium,0.1,5,0.9,0.8605,0.8662,0.0057,0.0076
medium,0.3,5,0.9,0.8605,0.8668,0.0064,0.0076
medium,0.1,6,0.5,0.4524,0.4658,0.0134,-0.0363
medium,0.3,6,0.5,0.4524,0.4814,0.029,-0.0363
medium,0.1,6,0.7,0.6567,0.6482,-0.0085,-0.012
medium,0.3,6,0.7,0.6567,0.6452,-0.0115,-0.012
medium,0.1,6,0.9,0.8734,0.8778,0.0044,0.0131
medium,0.3,6,0.9,0.8734,0.8798,0.0064,0.0131
medium,0.1,8,0.5,0.4653,0.4564,-0.0088,-0.0097
medium,0.3,8,0.5,0.4653,0.4877,0.0224,-0.0097
medium,0.1,8,0.7,0.6661,0.6741,0.0081,0.0057
medium,0.3,8,0.7,0.6661,0.6576,-0.0085,0.0057
medium,0.1,8,0.9,0.8844,0.8879,0.0035,0.0164
medium,0.3,8,0.9,0.8844,0.884,-0.0003,0.0164
medium,0.1,10,0.5,0.4654,0.4778,0.0124,0.0003
medium,0.3,10,0.5,0.4654,0.4888,0.0234,0.0003
medium,0.1,10,0.7,0.6667,0.6751,0.0084,0.0213
medium,0.3,10,0.7,0.6667,0.6817,0.015,0.0213
medium,0.1,10,0.9,0.8892,0.8922,0.003,0.0169
medium,0.3,10,0.9,0.8892,0.8836,-0.0056,0.0169
weak,0.1,2,0.5,0.0999,0.104,0.0041,-0.2258
weak,0.3,2,0.5,0.0999,0.2468,0.1469,-0.2258
weak,0.1,2,0.7,0.2265,0.2832,0.0567,-0.0977
weak,0.3,2,0.7,0.2265,0.4015,0.175,-0.0977
weak,0.1,2,0.9,0.5295,0.567,0.0375,-0.0181
weak,0.3,2,0.9,0.5295,0.6471,0.1176,-0.0181
weak,0.1,3,0.5,0.2409,0.2487,0.0078,-0.0965
weak,0.3,3,0.5,0.2409,0.356,0.1151,-0.0965
weak,0.1,3,0.7,0.3742,0.4173,0.0431,-0.0038
weak,0.3,3,0.7,0.3742,0.5057,0.1315,-0.0038
weak,0.1,3,0.9,0.6701,0.6957,0.0256,0.0344
weak,0.3,3,0.9,0.6701,0.7199,0.0498,0.0344
weak,0.1,4,0.5,0.2864,0.2825,-0.004,-0.0444
weak,0.3,4,0.5,0.2864,0.3824,0.096,-0.0444
weak,0.1,4,0.7,0.4275,0.4658,0.0383,0.0418
weak,0.3,4,0.7,0.4275,0.5437,0.1162,0.0418
weak,0.1,4,0.9,0.7627,0.7376,-0.025,0.0369
weak,0.3,4,0.9,0.7627,0.78,0.0173,0.0369
weak,0.1,5,0.5,0.3053,0.3455,0.0402,-0.0036
weak,0.3,5,0.5,0.3053,0.3986,0.0933,-0.0036
weak,0.1,5,0.7,0.4597,0.4949,0.0351,0.0425
weak,0.3,5,0.7,0.4597,0.5227,0.063,0.0425
weak,0.1,5,0.9,0.7459,0.764,0.0181,0.0616
weak,0.3,5,0.9,0.7459,0.7603,0.0144,0.0616
weak,0.1,6,0.5,0.3117,0.3509,0.0392,0.0156
weak,0.3,6,0.5,0.3117,0.4035,0.0918,0.0156
weak,0.1,6,0.7,0.4769,0.5102,0.0333,0.0617
weak,0.3,6,0.7,0.4769,0.5306,0.0537,0.0617
weak,0.1,6,0.9,0.7398,0.7586,0.0188,0.0895
weak,0.3,6,0.9,0.7398,0.7967,0.0568,0.0895
weak,0.1,8,0.5,0.3343,0.3091,-0.0252,0.0325
weak,0.3,8,0.5,0.3343,0.4076,0.0733,0.0325
weak,0.1,8,0.7,0.4817,0.515,0.0333,0.0944
weak,0.3,8,0.7,0.4817,0.5822,0.1004,0.0944
weak,0.1,8,0.9,0.7539,0.7709,0.0171,0.1179
weak,0.3,8,0.9,0.7539,0.8056,0.0517,0.1179
weak,0.1,10,0.5,0.3454,0.3272,-0.0182,0.0499
weak,0.3,10,0.5,0.3454,0.4184,0.0729,0.0499
weak,0.1,10,0.7,0.4807,0.5137,0.033,0.1124
weak,0.3,10,0.7,0.4807,0.5815,0.1009,0.1124
weak,0.1,10,0.9,0.7698,0.786,0.0163,0.0961
weak,0.3,10,0.9,0.7698,0.8185,0.0487,0.0961
