signal,ratio_between_neighbours,easy_fraction,saving_two_models,saving_three_models,gain_middle_model
good,2,0.5,0.2812,0.1002,-0.181
good,2,0.6,0.3952,0.2375,-0.1577
good,2,0.7,0.4835,0.3892,-0.0943
good,2,0.8,0.5808,0.5108,-0.07
good,2,0.9,0.6645,0.6528,-0.0117
good,3,0.5,0.4381,0.3247,-0.1134
good,3,0.6,0.5335,0.4354,-0.0981
good,3,0.7,0.6208,0.5757,-0.0451
good,3,0.8,0.7218,0.6768,-0.045
good,3,0.9,0.8087,0.7974,-0.0114
good,4,0.5,0.4727,0.4143,-0.0583
good,4,0.6,0.5817,0.5108,-0.0709
good,4,0.7,0.6727,0.6448,-0.0279
good,4,0.8,0.7725,0.7477,-0.0249
good,4,0.9,0.8516,0.8613,0.0097
good,5,0.5,0.5107,0.4593,-0.0514
good,5,0.6,0.6041,0.5637,-0.0404
good,5,0.7,0.6941,0.6808,-0.0133
good,5,0.8,0.7863,0.7703,-0.016
good,5,0.9,0.8751,0.8781,0.003
good,6,0.5,0.5073,0.4858,-0.0215
good,6,0.6,0.6171,0.5918,-0.0253
good,6,0.7,0.7074,0.7088,0.0014
good,6,0.8,0.8049,0.8006,-0.0043
good,6,0.9,0.8872,0.9036,0.0164
good,8,0.5,0.5202,0.5183,-0.0019
good,8,0.6,0.6179,0.6191,0.0012
good,8,0.7,0.7232,0.7218,-0.0014
good,8,0.8,0.8041,0.8131,0.009
good,8,0.9,0.8988,0.9196,0.0208
good,10,0.5,0.5407,0.5358,-0.0049
good,10,0.6,0.6341,0.6201,-0.014
good,10,0.7,0.7314,0.7322,0.0008
good,10,0.8,0.8252,0.8233,-0.0019
good,10,0.9,0.9091,0.9169,0.0078
medium,2,0.5,0.2347,-0.0041,-0.2388
medium,2,0.6,0.3195,0.1549,-0.1646
medium,2,0.7,0.4242,0.2946,-0.1295
medium,2,0.8,0.5451,0.4785,-0.0666
medium,2,0.9,0.644,0.6259,-0.0181
medium,3,0.5,0.3643,0.2255,-0.1388
medium,3,0.6,0.4603,0.3985,-0.0618
medium,3,0.7,0.5695,0.5014,-0.0681
medium,3,0.8,0.6788,0.6525,-0.0262
medium,3,0.9,0.7886,0.7816,-0.0069
medium,4,0.5,0.4237,0.3345,-0.0893
medium,4,0.6,0.5236,0.4587,-0.065
medium,4,0.7,0.6234,0.5824,-0.0411
medium,4,0.8,0.716,0.7,-0.016
medium,4,0.9,0.8371,0.841,0.004
medium,5,0.5,0.4444,0.3863,-0.0582
medium,5,0.6,0.5143,0.5001,-0.0141
medium,5,0.7,0.6382,0.6225,-0.0157
medium,5,0.8,0.7454,0.7531,0.0076
medium,5,0.9,0.8605,0.8681,0.0076
medium,6,0.5,0.4524,0.4161,-0.0363
medium,6,0.6,0.5458,0.5326,-0.0132
medium,6,0.7,0.6567,0.6447,-0.012
medium,6,0.8,0.7521,0.7746,0.0225
medium,6,0.9,0.8734,0.8865,0.0131
medium,8,0.5,0.4653,0.4556,-0.0097
medium,8,0.6,0.5642,0.5603,-0.0039
medium,8,0.7,0.6661,0.6717,0.0057
medium,8,0.8,0.7755,0.7977,0.0222
medium,8,0.9,0.8844,0.9008,0.0164
medium,10,0.5,0.4654,0.4658,0.0003
medium,10,0.6,0.5714,0.5804,0.009
medium,10,0.7,0.6667,0.688,0.0213
medium,10,0.8,0.7699,0.8062,0.0363
medium,10,0.9,0.8892,0.906,0.0169
weak,2,0.5,0.0999,-0.1259,-0.2258
weak,2,0.6,0.1401,-0.0442,-0.1843
weak,2,0.7,0.2265,0.1288,-0.0977
weak,2,0.8,0.3764,0.3163,-0.0601
weak,2,0.9,0.5295,0.5114,-0.0181
weak,3,0.5,0.2409,0.1444,-0.0965
weak,3,0.6,0.2635,0.2082,-0.0553
weak,3,0.7,0.3742,0.3704,-0.0038
weak,3,0.8,0.5179,0.5318,0.0139
weak,3,0.9,0.6701,0.7044,0.0344
weak,4,0.5,0.2864,0.242,-0.0444
weak,4,0.6,0.3252,0.326,0.0008
weak,4,0.7,0.4275,0.4693,0.0418
weak,4,0.8,0.5677,0.6094,0.0417
weak,4,0.9,0.7627,0.7996,0.0369
weak,5,0.5,0.3053,0.3017,-0.0036
weak,5,0.6,0.3494,0.3801,0.0307
weak,5,0.7,0.4597,0.5022,0.0425
weak,5,0.8,0.5797,0.6557,0.076
weak,5,0.9,0.7459,0.8075,0.0616
weak,6,0.5,0.3117,0.3273,0.0156
weak,6,0.6,0.3633,0.4085,0.0452
weak,6,0.7,0.4769,0.5386,0.0617
weak,6,0.8,0.5914,0.6864,0.0949
weak,6,0.9,0.7398,0.8294,0.0895
weak,8,0.5,0.3343,0.3667,0.0325
weak,8,0.6,0.4316,0.4982,0.0666
weak,8,0.7,0.4817,0.5761,0.0944
weak,8,0.8,0.593,0.7106,0.1175
weak,8,0.9,0.7539,0.8717,0.1179
weak,10,0.5,0.3454,0.3953,0.0499
weak,10,0.6,0.365,0.5196,0.1545
weak,10,0.7,0.4807,0.5931,0.1124
weak,10,0.8,0.6183,0.7288,0.1104
weak,10,0.9,0.7698,0.8659,0.0961
